{"cameraMode":{"drawMode":0,"name":"Shaded","section":"Shading Mode"},"sceneLighting":false,"audioPlay":false,"sceneViewState":{"m_AlwaysRefresh":false,"showFog":true,"showSkybox":true,"showFlares":true,"showImageEffects":true,"showParticleSystems":true,"showVisualEffectGraphs":true,"m_FxEnabled":false},"in2DMode":false,"pivot":{"x":-24.479297637939454,"y":5.760895729064941,"z":-0.29097986221313479},"rotation":{"x":0.27885064482688906,"y":0.7167754173278809,"z":-0.4026174247264862,"w":0.4963943064212799},"size":0.8660253882408142,"orthographic":false}