{"cameraMode":{"drawMode":0,"name":"Shaded","section":"Shading Mode"},"sceneLighting":true,"audioPlay":false,"sceneViewState":{"m_AlwaysRefresh":false,"showFog":true,"showSkybox":true,"showFlares":true,"showImageEffects":true,"showParticleSystems":true,"showVisualEffectGraphs":true,"m_FxEnabled":false},"in2DMode":false,"pivot":{"x":-10.06470012664795,"y":5.3152384757995609,"z":6.300810813903809},"rotation":{"x":-0.0063643427565693859,"y":-0.9329757690429688,"z":0.35951781272888186,"w":-0.01652390882372856},"size":1.0954335927963257,"orthographic":false}