{"cameraMode":{"drawMode":0,"name":"Shaded","section":"Shading Mode"},"sceneLighting":false,"audioPlay":false,"sceneViewState":{"m_AlwaysRefresh":false,"showFog":true,"showSkybox":true,"showFlares":true,"showImageEffects":true,"showParticleSystems":true,"showVisualEffectGraphs":true,"m_FxEnabled":false},"in2DMode":false,"pivot":{"x":2.0690555572509767,"y":13.667902946472168,"z":-4.437439441680908},"rotation":{"x":-0.3754507005214691,"y":-0.014205080457031727,"z":0.005555588752031326,"w":-0.926795244216919},"size":2.0089478492736818,"orthographic":false}