{"cameraMode":{"drawMode":0,"name":"Shaded","section":"Shading Mode"},"sceneLighting":true,"audioPlay":false,"sceneViewState":{"m_AlwaysRefresh":false,"showFog":true,"showSkybox":true,"showFlares":true,"showImageEffects":true,"showParticleSystems":true,"showVisualEffectGraphs":true,"m_FxEnabled":false},"in2DMode":false,"pivot":{"x":17.061952590942384,"y":2.6475393772125246,"z":1.4279251098632813},"rotation":{"x":0.35690370202064516,"y":0.6088463068008423,"z":-0.3541289269924164,"w":0.6136166453361511},"size":0.7071067690849304,"orthographic":false}