{"cameraMode":{"drawMode":0,"name":"Shaded","section":"Shading Mode"},"sceneLighting":true,"audioPlay":false,"sceneViewState":{"m_AlwaysRefresh":false,"showFog":true,"showSkybox":true,"showFlares":true,"showImageEffects":true,"showParticleSystems":true,"showVisualEffectGraphs":true,"m_FxEnabled":false},"in2DMode":false,"pivot":{"x":-1.1611944437026978,"y":5.3081464767456059,"z":0.11314341425895691},"rotation":{"x":0.21789789199829102,"y":-0.44511574506759646,"z":0.11263398826122284,"w":0.8612614274024963},"size":2.32366681098938,"orthographic":false}