{"cameraMode":{"drawMode":0,"name":"Shaded","section":"Shading Mode"},"sceneLighting":false,"audioPlay":false,"sceneViewState":{"m_AlwaysRefresh":false,"showFog":true,"showSkybox":true,"showFlares":true,"showImageEffects":true,"showParticleSystems":true,"showVisualEffectGraphs":true,"m_FxEnabled":false},"in2DMode":false,"pivot":{"x":276.32330322265627,"y":289.19036865234377,"z":-562.535400390625},"rotation":{"x":0.012126755900681019,"y":-0.0021494245156645777,"z":-0.005768191069364548,"w":-0.9999237060546875},"size":104.65991973876953,"orthographic":false}