{"cameraMode":{"drawMode":0,"name":"Shaded","section":"Shading Mode"},"sceneLighting":false,"audioPlay":false,"sceneViewState":{"m_AlwaysRefresh":false,"showFog":true,"showSkybox":true,"showFlares":true,"showImageEffects":true,"showParticleSystems":true,"showVisualEffectGraphs":true,"m_FxEnabled":false},"in2DMode":false,"pivot":{"x":1.1276195049285889,"y":0.6221819519996643,"z":3.5770814418792726},"rotation":{"x":-0.2745998203754425,"y":0.05850681662559509,"z":-0.01689613051712513,"w":-0.9596878886222839},"size":2.0089478492736818,"orthographic":false}