{"cameraMode":{"drawMode":0,"name":"Shaded","section":"Shading Mode"},"sceneLighting":true,"audioPlay":false,"sceneViewState":{"m_AlwaysRefresh":false,"showFog":true,"showSkybox":true,"showFlares":true,"showImageEffects":true,"showParticleSystems":true,"showVisualEffectGraphs":true,"m_FxEnabled":false},"in2DMode":false,"pivot":{"x":-9.180734634399414,"y":0.9956588745117188,"z":-0.5047087669372559},"rotation":{"x":0.12156844884157181,"y":0.0918746367096901,"z":-0.011301720514893532,"w":0.9882556200027466},"size":2.2250285148620607,"orthographic":true}