{"cameraMode":{"drawMode":0,"name":"Shaded","section":"Shading Mode"},"sceneLighting":false,"audioPlay":false,"sceneViewState":{"m_AlwaysRefresh":false,"showFog":true,"showSkybox":true,"showFlares":true,"showImageEffects":true,"showParticleSystems":true,"showVisualEffectGraphs":true,"m_FxEnabled":false},"in2DMode":false,"pivot":{"x":1.3398383855819703,"y":1.2541052103042603,"z":-1.7434797286987305},"rotation":{"x":-0.07482405006885529,"y":0.050854701548814777,"z":-0.003989226184785366,"w":-0.9959406852722168},"size":1.095746636390686,"orthographic":false}