{"cameraMode":{"drawMode":0,"name":"Shaded","section":"Shading Mode"},"sceneLighting":true,"audioPlay":false,"sceneViewState":{"m_AlwaysRefresh":false,"showFog":true,"showSkybox":true,"showFlares":true,"showImageEffects":true,"showParticleSystems":true,"showVisualEffectGraphs":true,"m_FxEnabled":false},"in2DMode":false,"pivot":{"x":-4.790154933929443,"y":0.3918344974517822,"z":-4.713938236236572},"rotation":{"x":-0.000020642131858039647,"y":-0.9459760785102844,"z":0.3243461847305298,"w":-0.000013614643648907077},"size":2.32366681098938,"orthographic":false}