{"cameraMode":{"drawMode":0,"name":"Shaded","section":"Shading Mode"},"sceneLighting":false,"audioPlay":false,"sceneViewState":{"m_AlwaysRefresh":false,"showFog":true,"showSkybox":true,"showFlares":true,"showImageEffects":true,"showParticleSystems":true,"showVisualEffectGraphs":true,"m_FxEnabled":false},"in2DMode":false,"pivot":{"x":1.4329843521118165,"y":-150.27639770507813,"z":109.13114166259766},"rotation":{"x":-0.48399245738983157,"y":-0.03486593812704086,"z":0.012774082832038403,"w":-0.8743311762809753},"size":93.22042846679688,"orthographic":false}