{"cameraMode":{"drawMode":0,"name":"Shaded","section":"Shading Mode"},"sceneLighting":false,"audioPlay":false,"sceneViewState":{"m_AlwaysRefresh":false,"showFog":true,"showSkybox":true,"showFlares":true,"showImageEffects":true,"showParticleSystems":true,"showVisualEffectGraphs":true,"m_FxEnabled":false},"in2DMode":false,"pivot":{"x":49.528289794921878,"y":-167.3221435546875,"z":59.094764709472659},"rotation":{"x":0.49388524889945986,"y":0.42228060960769656,"z":-0.28849533200263979,"w":0.7032992243766785},"size":93.22042846679688,"orthographic":false}